DistName,County,Precinct,King,Smucker,WriteIn,Total,KingPct,SmuckPct,WIPct,Wolf,Wagner,Glover,Krawchuk,Write In,Total,WolfPct,WagnerPct,KingWolfdiff,Clinton,Trump,Castle,Stein,Johnson,Write In,Total,ClintonPct,TrumpPct,KingClintDiff
L100,Lancaster,Lancaster City - 1st Ward,283,46,0,329,86.02,13.98,0.00,280,37,3,4,0,324,86.42,11.42,-0.40,291,61,2,11,17,6,388,75.00,15.72,11.02
L201,Lancaster,Lancaster City - 2nd Ward - 1st Precinct,422,92,2,516,81.78,17.83,0.39,422,77,3,12,0,514,82.10,14.98,-0.32,454,122,,9,26,10,621,73.11,19.65,8.68
L202,Lancaster,Lancaster City - 2nd Ward - 2nd Precinct,426,108,0,534,79.78,20.22,0.00,426,99,6,5,0,536,79.48,18.47,0.30,532,145,7,12,27,20,743,71.60,19.52,8.17
L300,Lancaster,Lancaster City - 3rd Ward,366,69,0,435,84.14,15.86,0.00,360,62,3,2,0,427,84.31,14.52,-0.17,473,75,1,4,9,4,566,83.57,13.25,0.57
L401,Lancaster,Lancaster City - 4th Ward - 1st Precinct,179,27,1,207,86.47,13.04,0.48,170,24,4,10,0,208,81.73,11.54,4.74,285,69,2,1,10,4,371,76.82,18.60,9.65
L402,Lancaster,Lancaster City - 4th Ward - 2nd Precinct,209,32,1,242,86.36,13.22,0.41,209,27,3,3,0,242,86.36,11.16,0.00,402,51,,5,9,2,469,85.71,10.87,0.65
L501,Lancaster,Lancaster City - 5th Ward - 1st Precinct,451,81,0,532,84.77,15.23,0.00,443,75,9,5,1,533,83.11,14.07,1.66,488,103,2,11,23,6,633,77.09,16.27,7.68
L502,Lancaster,Lancaster City - 5th Ward - 2nd Precinct,325,69,0,394,82.49,17.51,0.00,317,64,4,8,1,394,80.46,16.24,2.03,323,99,1,10,17,9,459,70.37,21.57,12.12
L503,Lancaster,Lancaster City - 5th Ward - 3rd Precinct,404,84,0,488,82.79,17.21,0.00,400,77,4,6,0,487,82.14,15.81,0.65,425,130,4,10,17,17,603,70.48,21.56,12.31
L601,Lancaster,Lancaster City - 6th Ward - 1st Precinct,399,80,0,479,83.30,16.70,0.00,392,74,7,5,0,478,82.01,15.48,1.29,428,119,2,10,33,11,603,70.98,19.73,12.32
L602,Lancaster,Lancaster City - 6th Ward - 2nd Precinct,272,56,0,328,82.93,17.07,0.00,264,52,3,8,0,327,80.73,15.90,2.19,299,87,8,11,26,8,439,68.11,19.82,14.82
L603,Lancaster,Lancaster City - 6th Ward - 3rd Precinct,405,117,0,522,77.59,22.41,0.00,403,97,3,15,1,519,77.65,18.69,-0.06,462,142,9,13,34,11,671,68.85,21.16,8.73
L604,Lancaster,Lancaster City - 6th Ward - 4th Precinct,432,100,0,532,81.20,18.80,0.00,434,89,3,7,1,534,81.27,16.67,-0.07,514,152,2,14,32,8,722,71.19,21.05,10.01
L605,Lancaster,Lancaster City - 6th Ward - 5th Precinct,424,83,0,507,83.63,16.37,0.00,413,75,8,5,1,502,82.27,14.94,1.36,424,122,,16,22,5,589,71.99,20.71,11.64
L606,Lancaster,Lancaster City - 6th Ward - 6th Precinct,193,130,0,323,59.75,40.25,0.00,202,110,2,6,0,320,63.13,34.38,-3.37,227,207,3,6,22,4,469,48.40,44.14,11.35
L607,Lancaster,Lancaster City - 6th Ward - 7th Precinct,437,112,1,550,79.45,20.36,0.18,430,100,3,11,1,545,78.90,18.35,0.56,431,159,3,15,35,15,658,65.50,24.16,13.95
L608,Lancaster,Lancaster City - 6th Ward - 8th Precinct,385,116,0,501,76.85,23.15,0.00,380,100,5,8,0,493,77.08,20.28,-0.23,475,163,5,4,21,11,679,69.96,24.01,6.89
L701,Lancaster,Lancaster City - 7th Ward - 1st Precinct,345,29,0,374,92.25,7.75,0.00,336,26,3,7,0,372,90.32,6.99,1.92,549,51,1,3,11,8,623,88.12,8.19,4.12
L702,Lancaster,Lancaster City - 7th Ward - 2nd Precinct,343,21,0,364,94.23,5.77,0.00,338,24,2,3,0,367,92.10,6.54,2.13,488,33,,2,3,4,530,92.08,6.23,2.16
L703,Lancaster,Lancaster City - 7th Ward - 3rd Precinct,211,24,0,235,89.79,10.21,0.00,207,18,1,5,0,231,89.61,7.79,0.18,370,43,,1,7,2,423,87.47,10.17,2.32
L704,Lancaster,Lancaster City - 7th Ward - 4th Precinct,280,33,0,313,89.46,10.54,0.00,273,33,1,3,0,310,88.06,10.65,1.39,418,40,2,1,9,6,476,87.82,8.40,1.64
L705,Lancaster,Lancaster City - 7th Ward - 5th Precinct,234,22,0,256,91.41,8.59,0.00,229,20,3,2,0,254,90.16,7.87,1.25,391,26,2,3,3,1,426,91.78,6.10,-0.38
L706,Lancaster,Lancaster City - 7th Ward - 6th Precinct,190,32,1,223,85.20,14.35,0.45,187,26,2,6,0,221,84.62,11.76,0.59,254,43,2,1,5,2,307,82.74,14.01,2.47
L707,Lancaster,Lancaster City - 7th Ward - 7th Precinct,307,72,1,380,80.79,18.95,0.26,305,69,1,1,0,376,81.12,18.35,-0.33,421,98,,1,16,7,543,77.53,18.05,3.26
L708.2,Lancaster,Lancaster City - 7th Ward - 8th Precinct (CV),96,95,0,191,50.26,49.74,0.00,99,86,,4,0,189,52.38,45.50,-2.12,97,115,,4,5,1,222,43.69,51.80,6.57
L708.3,Lancaster,Lancaster City - 7th Ward - 8th Precinct (LS),143,136,0,279,51.25,48.75,0.00,161,111,1,4,0,277,58.12,40.07,-6.87,130,156,2,3,11,9,311,41.80,50.16,9.45
L801,Lancaster,Lancaster City - 8th Ward - 1st Precinct,226,49,1,276,81.88,17.75,0.36,223,46,4,3,0,276,80.80,16.67,1.09,318,79,2,6,14,7,426,74.65,18.54,7.24
L802,Lancaster,Lancaster City - 8th Ward - 2nd Precinct,225,37,0,262,85.88,14.12,0.00,215,38,1,5,0,259,83.01,14.67,2.87,297,73,4,3,9,6,392,75.77,18.62,10.11
L803,Lancaster,Lancaster City - 8th Ward - 3rd Precinct,248,79,0,327,75.84,24.16,0.00,256,66,,3,1,326,78.53,20.25,-2.69,326,98,1,12,8,5,450,72.44,21.78,3.40
L804,Lancaster,Lancaster City - 8th Ward - 4th Precinct,505,148,3,656,76.98,22.56,0.46,506,127,7,14,3,657,77.02,19.33,-0.04,547,233,,12,29,15,836,65.43,27.87,11.55
L805,Lancaster,Lancaster City - 8th Ward - 5th Precinct,267,51,0,318,83.96,16.04,0.00,266,43,5,2,0,316,84.18,13.61,-0.21,395,72,4,15,18,6,510,77.45,14.12,6.51
L806,Lancaster,Lancaster City - 8th Ward - 6th Precinct,252,69,1,322,78.26,21.43,0.31,248,67,2,5,0,322,77.02,20.81,1.24,303,114,9,3,9,5,443,68.40,25.73,9.86
L807,Lancaster,Lancaster City - 8th Ward - 7th Precinct,421,178,0,599,70.28,29.72,0.00,433,154,3,9,0,599,72.29,25.71,-2.00,431,270,5,8,28,15,757,56.94,35.67,13.35
L808,Lancaster,Lancaster City - 8th Ward - 8th Precinct,438,131,0,569,76.98,23.02,0.00,423,130,6,2,0,561,75.40,23.17,1.58,502,207,2,18,25,10,764,65.71,27.09,11.27
L809,Lancaster,Lancaster City - 8th Ward - 9th Precinct,407,104,0,511,79.65,20.35,0.00,405,96,2,3,0,506,80.04,18.97,-0.39,528,135,6,3,12,6,690,76.52,19.57,3.13
L901,Lancaster,Lancaster City - 9th Ward - 1st Precinct,519,124,0,643,80.72,19.28,0.00,530,103,5,7,0,645,82.17,15.97,-1.46,496,154,2,18,25,8,703,70.55,21.91,10.16
L902,Lancaster,Lancaster City - 9th Ward - 2nd Precinct,120,46,1,167,71.86,27.54,0.60,115,43,2,5,0,165,69.70,26.06,2.16,149,54,,6,9,10,228,65.35,23.68,6.51
L903,Lancaster,Lancaster City - 9th Ward - 3rd Precinct,494,91,1,586,84.30,15.53,0.17,501,83,2,1,0,587,85.35,14.14,-1.05,508,111,5,13,18,9,664,76.51,16.72,7.79
L904,Lancaster,Lancaster City - 9th Ward - 4th Precinct,968,171,1,1140,84.91,15.00,0.09,951,156,20,13,2,1142,83.27,13.66,1.64,1246,262,3,13,37,26,1587,78.51,16.51,6.40
L905,Lancaster,Lancaster City - 9th Ward - 5th Precinct,547,133,0,680,80.44,19.56,0.00,548,125,2,2,1,678,80.83,18.44,-0.38,526,140,,10,26,18,720,73.06,19.44,7.39
L1000,Lancaster,Adamstown Boro,302,453,1,756,39.95,59.92,0.13,316,418,6,12,0,752,42.02,55.59,-2.07,307,560,3,7,37,13,927,33.12,60.41,6.83
L1101,Lancaster,Akron Boro - East Dist,275,429,2,706,38.95,60.76,0.28,281,386,10,26,0,703,39.97,54.91,-1.02,274,499,8,8,29,18,836,32.78,59.69,6.18
L1102,Lancaster,Akron Boro - West Dist,389,641,0,1030,37.77,62.23,0.00,409,582,5,25,0,1021,40.06,57.00,-2.29,372,756,14,13,67,30,1252,29.71,60.38,8.05
L1200,Lancaster,Christiana Boro,155,179,0,334,46.41,53.59,0.00,160,169,3,1,0,333,48.05,50.75,-1.64,133,241,1,2,16,7,400,33.25,60.25,13.16
L1301,Lancaster,Columbia Boro - 1st Ward,230,148,2,380,60.53,38.95,0.53,242,127,2,9,1,381,63.52,33.33,-2.99,330,248,3,9,31,7,628,52.55,39.49,7.98
L1304,Lancaster,Columbia Boro - 4th Ward,201,176,0,377,53.32,46.68,0.00,205,163,3,4,0,375,54.67,43.47,-1.35,237,235,1,5,16,1,495,47.88,47.47,5.44
L1305,Lancaster,Columbia Boro - 5th Ward,223,182,0,405,55.06,44.94,0.00,229,165,2,7,0,403,56.82,40.94,-1.76,267,263,3,7,13,3,556,48.02,47.30,7.04
L1306,Lancaster,Columbia Boro - 6th Ward,323,432,0,755,42.78,57.22,0.00,351,383,5,14,0,753,46.61,50.86,-3.83,416,585,2,9,29,15,1056,39.39,55.40,3.39
L1307,Lancaster,Columbia Boro - 7th Ward,276,259,1,536,51.49,48.32,0.19,292,232,3,10,0,537,54.38,43.20,-2.88,224,302,3,3,19,3,554,40.43,54.51,11.06
L1309,Lancaster,Columbia Boro - 9th Ward,182,195,0,377,48.28,51.72,0.00,195,172,4,7,0,378,51.59,45.50,-3.31,199,259,2,3,21,5,489,40.70,52.97,7.58
L1400,Lancaster,Denver Boro,493,872,2,1367,36.06,63.79,0.15,540,782,10,29,2,1363,39.62,57.37,-3.55,437,1150,15,16,70,21,1709,25.57,67.29,10.49
L1500,Lancaster,East Petersburg Boro North,399,297,0,696,57.33,42.67,0.00,408,268,5,11,0,692,58.96,38.73,-1.63,408,386,7,3,29,22,855,47.72,45.15,9.61
L1501,Lancaster,East Petersburg Boro South,321,304,0,625,51.36,48.64,0.00,343,266,8,5,0,622,55.14,42.77,-3.78,298,336,10,6,26,28,704,42.33,47.73,9.03
L1502,Lancaster,East Petersburg Boro West,332,364,0,696,47.70,52.30,0.00,354,325,7,8,0,694,51.01,46.83,-3.31,292,467,7,14,36,18,834,35.01,56.00,12.69
L1601,Lancaster,Elizabethtown Boro - 1st Ward,560,575,2,1137,49.25,50.57,0.18,570,519,23,29,0,1141,49.96,45.49,-0.70,557,799,14,26,72,16,1484,37.53,53.84,11.72
L1602,Lancaster,Elizabethtown Boro - 2nd Ward,377,490,3,870,43.33,56.32,0.34,422,428,2,16,0,868,48.62,49.31,-5.28,372,624,10,6,47,25,1084,34.32,57.56,9.02
L1603,Lancaster,Elizabethtown Boro - 3rd Ward - 1st Precinct,216,302,0,518,41.70,58.30,0.00,239,262,7,7,1,516,46.32,50.78,-4.62,207,378,6,5,23,5,624,33.17,60.58,8.53
L1604,Lancaster,Elizabethtown Boro - 3rd Ward - 2nd Precinct,389,515,0,904,43.03,56.97,0.00,439,441,2,19,0,901,48.72,48.95,-5.69,329,623,2,10,54,21,1039,31.67,59.96,11.37
L1605,Lancaster,Elizabethtown Boro - 3rd Ward - 3rd Precinct,253,277,0,530,47.74,52.26,0.00,274,241,5,8,1,529,51.80,45.56,-4.06,296,405,4,19,43,11,778,38.05,52.06,9.69
L1701,Lancaster,Ephrata Boro - 1st Ward,400,617,2,1019,39.25,60.55,0.20,420,564,11,21,1,1017,41.30,55.46,-2.04,372,738,10,17,67,24,1228,30.29,60.10,8.96
L1702,Lancaster,Ephrata Boro - 2nd Ward,520,741,4,1265,41.11,58.58,0.32,552,680,8,24,1,1265,43.64,53.75,-2.53,463,1061,12,21,98,23,1678,27.59,63.23,13.51
L1703,Lancaster,Ephrata Boro - 3rd Ward,570,832,1,1403,40.63,59.30,0.07,596,783,7,12,0,1398,42.63,56.01,-2.01,562,1129,12,19,76,25,1823,30.83,61.93,9.80
L1704,Lancaster,Ephrata Boro - 4th Ward,356,586,0,942,37.79,62.21,0.00,399,523,6,13,1,942,42.36,55.52,-4.56,375,731,2,14,55,12,1189,31.54,61.48,6.25
L1801,Lancaster,Lititz Boro - 1st Ward - 1st Precinct,278,177,1,456,60.96,38.82,0.22,282,159,5,8,0,454,62.11,35.02,-1.15,236,261,4,10,22,17,550,42.91,47.45,18.06
L1802,Lancaster,Lititz Boro - 1st Ward - 2nd Precinct,300,275,0,575,52.17,47.83,0.00,326,238,1,9,0,574,56.79,41.46,-4.62,313,323,5,5,20,9,675,46.37,47.85,5.80
L1803,Lancaster,Lititz Boro - 2nd Ward - 1st Precinct,283,299,0,582,48.63,51.37,0.00,300,269,5,8,0,582,51.55,46.22,-2.92,276,397,2,6,35,17,733,37.65,54.16,10.97
L1804,Lancaster,Lititz Boro - 2nd Ward - 2nd Precinct,370,418,2,790,46.84,52.91,0.25,383,386,4,15,1,789,48.54,48.92,-1.71,331,529,10,6,44,9,929,35.63,56.94,11.21
L1805,Lancaster,Lititz Boro - 3rd Ward - 1st Precinct,459,400,3,862,53.25,46.40,0.35,488,359,1,11,0,859,56.81,41.79,-3.56,365,421,4,7,33,19,849,42.99,49.59,10.26
L1806,Lancaster,Lititz Boro - 3rd Ward - 2nd Precinct,512,511,0,1023,50.05,49.95,0.00,532,467,8,17,1,1025,51.90,45.56,-1.85,507,644,7,11,42,13,1224,41.42,52.61,8.63
L1901,Lancaster,Manheim Boro - 1st Ward,390,591,1,982,39.71,60.18,0.10,414,544,8,10,5,981,42.20,55.45,-2.49,369,767,6,12,43,25,1222,30.20,62.77,9.52
L1902,Lancaster,Manheim Boro - 2nd Ward,326,440,0,766,42.56,57.44,0.00,330,415,5,15,1,766,43.08,54.18,-0.52,327,617,8,17,41,17,1027,31.84,60.08,10.72
L2001,Lancaster,Marietta Boro - 1st Dist,275,257,0,532,51.69,48.31,0.00,291,228,1,8,2,530,54.91,43.02,-3.21,271,337,5,13,33,11,670,40.45,50.30,11.24
L2002,Lancaster,Marietta Boro - 2nd Dist,235,241,0,476,49.37,50.63,0.00,248,210,4,14,0,476,52.10,44.12,-2.73,235,323,4,6,18,9,595,39.50,54.29,9.87
L2101,Lancaster,Millersville Boro - 1st Dist,356,261,1,618,57.61,42.23,0.16,391,218,1,9,0,619,63.17,35.22,-5.56,329,346,7,7,34,23,746,44.10,46.38,13.50
L2102,Lancaster,Millersville Boro - 2nd Dist,370,350,1,721,51.32,48.54,0.14,392,309,2,11,2,716,54.75,43.16,-3.43,373,425,3,5,35,17,858,43.47,49.53,7.84
L2103,Lancaster,Millersville Boro - 3rd Dist,376,259,2,637,59.03,40.66,0.31,397,224,8,8,0,637,62.32,35.16,-3.30,393,314,,10,33,10,760,51.71,41.32,7.32
L2104,Lancaster,Millersville Boro - 4th Dist,436,176,0,612,71.24,28.76,0.00,440,145,11,17,1,614,71.66,23.62,-0.42,550,295,4,20,50,13,932,59.01,31.65,12.23
L2301,Lancaster,Mount Joy Boro - East Ward,273,378,0,651,41.94,58.06,0.00,317,314,4,7,1,643,49.30,48.83,-7.36,274,460,7,12,42,15,810,33.83,56.79,8.11
L2302,Lancaster,Mount Joy Boro - Florin Ward,637,941,3,1581,40.29,59.52,0.19,714,834,8,25,0,1581,45.16,52.75,-4.87,660,1188,8,12,122,27,2017,32.72,58.90,7.57
L2303,Lancaster,Mount Joy Boro - West Ward,402,537,1,940,42.77,57.13,0.11,454,471,6,7,0,938,48.40,50.21,-5.63,376,671,4,9,37,25,1122,33.51,59.80,9.25
L2400,Lancaster,Mountville Boro,559,617,1,1177,47.49,52.42,0.08,619,537,2,20,0,1178,52.55,45.59,-5.05,595,774,6,12,55,16,1458,40.81,53.09,6.68
L2501,Lancaster,New Holland Boro - 1st Dist,259,479,1,739,35.05,64.82,0.14,289,435,4,7,0,735,39.32,59.18,-4.27,297,584,6,11,30,14,942,31.53,62.00,3.52
L2502,Lancaster,New Holland Boro - 2nd Dist,366,570,1,937,39.06,60.83,0.11,385,521,9,22,1,938,41.04,55.54,-1.98,362,661,13,10,56,18,1120,32.32,59.02,6.74
L2503,Lancaster,New Holland Boro - 3rd Dist,164,396,0,560,29.29,70.71,0.00,190,358,1,7,0,556,34.17,64.39,-4.89,149,420,6,2,22,7,606,24.59,69.31,4.70
L2600,Lancaster,Quarryville Boro,288,699,0,987,29.18,70.82,0.00,337,624,2,17,3,983,34.28,63.48,-5.10,306,822,10,7,36,22,1203,25.44,68.33,3.74
L2701,Lancaster,Strasburg Boro - 1st Ward,315,463,0,778,40.49,59.51,0.00,344,410,7,13,1,775,44.39,52.90,-3.90,283,514,10,13,40,9,869,32.57,59.15,7.92
L2703,Lancaster,Strasburg Boro - 3rd Ward,267,394,0,661,40.39,59.61,0.00,277,365,5,10,2,659,42.03,55.39,-1.64,252,482,4,4,32,10,784,32.14,61.48,8.25
L2800,Lancaster,Terre Hill Boro,107,384,0,491,21.79,78.21,0.00,115,362,3,10,0,490,23.47,73.88,-1.68,104,473,4,4,19,11,615,16.91,76.91,4.88
L2900,Lancaster,Bart Twp,142,419,1,562,25.27,74.56,0.18,164,384,4,5,0,557,29.44,68.94,-4.18,143,512,6,3,15,7,686,20.85,74.64,4.42
L3001,Lancaster,Brecknock Twp - Bowmansville Dist,403,1168,1,1572,25.64,74.30,0.06,455,1088,4,22,1,1570,28.98,69.30,-3.34,398,1353,13,4,68,30,1866,21.33,72.51,4.31
L3002,Lancaster,Brecknock Twp - Muddy Creek Dist,141,661,0,802,17.58,82.42,0.00,171,620,3,8,0,802,21.32,77.31,-3.74,133,796,9,6,28,13,985,13.50,80.81,4.08
L3100,Lancaster,Caernarvon Twp,257,938,1,1196,21.49,78.43,0.08,286,890,6,12,0,1194,23.95,74.54,-2.46,276,1124,11,10,37,14,1472,18.75,76.36,2.74
L3201,Lancaster,Clay Twp - North,228,766,0,994,22.94,77.06,0.00,256,718,2,9,1,986,25.96,72.82,-3.03,197,943,17,10,37,14,1218,16.17,77.42,6.76
L3202,Lancaster,Clay Twp - South,471,979,0,1450,32.48,67.52,0.00,546,874,5,23,1,1449,37.68,60.32,-5.20,453,1166,9,18,52,25,1723,26.29,67.67,6.19
L3301,Lancaster,Cocalico East Twp - Smokestown Dist,225,850,0,1075,20.93,79.07,0.00,265,794,4,12,2,1077,24.61,73.72,-3.68,269,1050,12,5,34,9,1379,19.51,76.14,1.42
L3302,Lancaster,Cocalico East Twp - Swartzville Dist,292,496,0,788,37.06,62.94,0.00,338,438,2,10,0,788,42.89,55.58,-5.84,318,550,5,3,33,11,920,34.57,59.78,2.49
L3303,Lancaster,Cocalico East Twp - Stevens Dist,246,546,3,795,30.94,68.68,0.38,284,502,2,7,3,798,35.59,62.91,-4.65,233,677,11,10,37,11,979,23.80,69.15,7.14
L3304,Lancaster,Cocalico East Twp - Reamstown Dist,357,791,1,1149,31.07,68.84,0.09,391,739,6,13,0,1149,34.03,64.32,-2.96,349,997,16,14,51,14,1441,24.22,69.19,6.85
L3401,Lancaster,Cocalico West Twp - Reinholds Dist,322,748,1,1071,30.07,69.84,0.09,356,692,3,14,0,1065,33.43,64.98,-3.36,345,975,16,4,42,11,1393,24.77,69.99,5.30
L3402,Lancaster,Cocalico West Twp - Schoeneck Dist,246,963,5,1214,20.26,79.32,0.41,263,915,5,25,5,1213,21.68,75.43,-1.42,226,1212,16,5,37,17,1513,14.94,80.11,5.33
L3500,Lancaster,Colerain Twp,296,795,0,1091,27.13,72.87,0.00,350,719,5,11,2,1087,32.20,66.15,-5.07,301,932,5,7,24,14,1283,23.46,72.64,3.67
L3600,Lancaster,Conestoga Twp,499,1044,1,1544,32.32,67.62,0.06,532,974,10,23,1,1540,34.55,63.25,-2.23,461,1374,13,19,73,20,1960,23.52,70.10,8.80
L3700,Lancaster,Conoy Twp,329,1007,0,1336,24.63,75.37,0.00,372,918,12,24,1,1327,28.03,69.18,-3.41,319,1259,5,4,79,18,1684,18.94,74.76,5.68
L3801,Lancaster,Donegal East Twp - Maytown Dist,380,651,1,1032,36.82,63.08,0.10,428,578,5,19,1,1031,41.51,56.06,-4.69,403,830,3,12,57,15,1320,30.53,62.88,6.29
L3802,Lancaster,Donegal East Twp - Springville Dist,504,914,2,1420,35.49,64.37,0.14,576,806,9,29,1,1421,40.53,56.72,-5.04,469,1100,9,7,66,28,1679,27.93,65.52,7.56
L3803,Lancaster,Donegal East Twp - Maytown West Dist,344,640,1,985,34.92,64.97,0.10,401,562,9,13,2,987,40.63,56.94,-5.70,309,805,11,11,50,14,1200,25.75,67.08,9.17
L3901,Lancaster,Donegal West Twp - 1st Dist,239,518,1,758,31.53,68.34,0.13,285,454,2,9,2,752,37.90,60.37,-6.37,201,634,4,10,42,18,909,22.11,69.75,9.42
L3902,Lancaster,Donegal West Twp - 2nd Dist,384,772,0,1156,33.22,66.78,0.00,455,667,8,22,0,1152,39.50,57.90,-6.28,364,919,3,14,52,22,1374,26.49,66.89,6.73
L3903,Lancaster,Donegal West Twp - 3rd Dist,513,872,1,1386,37.01,62.91,0.07,656,713,7,6,0,1382,47.47,51.59,-10.45,475,932,9,10,32,16,1474,32.23,63.23,4.79
L3904,Lancaster,Donegal West Twp - 4th Dist,286,616,0,902,31.71,68.29,0.00,327,553,3,15,1,899,36.37,61.51,-4.67,243,698,5,6,47,16,1015,23.94,68.77,7.77
L4000,Lancaster,Drumore Twp,200,545,0,745,26.85,73.15,0.00,232,495,6,8,0,741,31.31,66.80,-4.46,195,682,2,8,33,8,928,21.01,73.49,5.83
L4100,Lancaster,Drumore East Twp,326,953,0,1279,25.49,74.51,0.00,379,878,4,21,2,1284,29.52,68.38,-4.03,320,1181,13,10,31,23,1578,20.28,74.84,5.21
L4201,Lancaster,Earl Twp - Martindale Dist,158,605,0,763,20.71,79.29,0.00,178,570,2,7,3,760,23.42,75.00,-2.71,182,684,6,5,15,18,910,20.00,75.16,0.71
L4202,Lancaster,Earl Twp - New Holland Dist,333,1007,1,1341,24.83,75.09,0.07,421,892,4,14,0,1331,31.63,67.02,-6.80,339,1029,13,4,36,14,1435,23.62,71.71,1.21
L4301,Lancaster,Earl East Twp - Blue Ball Dist,264,873,0,1137,23.22,76.78,0.00,295,817,4,16,1,1133,26.04,72.11,-2.82,244,1028,21,5,31,16,1345,18.14,76.43,5.08
L4302,Lancaster,Earl East Twp - Terre Hill Dist,166,571,0,737,22.52,77.48,0.00,171,552,2,11,0,736,23.23,75.00,-0.71,165,705,7,5,27,18,927,17.80,76.05,4.72
L4401,Lancaster,Earl West Twp - Earlville Dist,348,649,0,997,34.90,65.10,0.00,376,594,7,17,0,994,37.83,59.76,-2.92,321,747,8,5,49,25,1155,27.79,64.68,7.11
L4402,Lancaster,Earl West Twp - Farmersville Dist,260,585,0,845,30.77,69.23,0.00,287,539,5,9,3,843,34.05,63.94,-3.28,277,663,12,6,47,21,1026,27.00,64.62,3.77
L4403,Lancaster,Earl West Twp - North District,323,559,1,883,36.58,63.31,0.11,356,511,0,8,0,875,40.69,58.40,-4.11,297,663,16,5,33,17,1031,28.81,64.31,7.77
L4500,Lancaster,Eden Twp,137,354,0,491,27.90,72.10,0.00,151,328,1,7,1,488,30.94,67.21,-3.04,152,435,4,6,15,10,622,24.44,69.94,3.46
L4600,Lancaster,Elizabeth Twp,402,1169,1,1572,25.57,74.36,0.06,462,1072,3,30,0,1567,29.48,68.41,-3.91,389,1353,9,9,52,36,1848,21.05,73.21,4.52
L4701,Lancaster,Ephrata Twp - Lincoln Dist,395,712,1,1108,35.65,64.26,0.09,439,638,6,19,1,1103,39.80,57.84,-4.15,401,885,13,16,54,16,1385,28.95,63.90,6.70
L4702,Lancaster,Ephrata Twp - Murrell Dist,481,1034,1,1516,31.73,68.21,0.07,538,940,4,28,1,1511,35.61,62.21,-3.88,466,1233,6,9,63,28,1805,25.82,68.31,5.91
L4703,Lancaster,Ephrata Twp - Trout Run Dist,268,507,0,775,34.58,65.42,0.00,285,480,1,8,0,774,36.82,62.02,-2.24,264,668,9,11,34,12,998,26.45,66.93,8.13
L4800,Lancaster,Fulton Twp,197,635,0,832,23.68,76.32,0.00,226,594,2,7,0,829,27.26,71.65,-3.58,204,826,7,3,28,6,1074,18.99,76.91,4.68
L4901,Lancaster,Hempfield East Twp - Barrcrest Dist,307,202,0,509,60.31,39.69,0.00,326,171,6,6,0,509,64.05,33.60,-3.73,322,250,3,8,26,5,614,52.44,40.72,7.87
L4902,Lancaster,Hempfield East Twp - Centerville Dist,510,601,1,1112,45.86,54.05,0.09,567,528,4,8,4,1111,51.04,47.52,-5.17,527,680,3,5,37,18,1270,41.50,53.54,4.37
L4903,Lancaster,Hempfield East Twp - Cherry Hill Dist,268,234,0,502,53.39,46.61,0.00,280,208,4,8,1,501,55.89,41.52,-2.50,282,291,3,4,25,7,612,46.08,47.55,7.31
L4904,Lancaster,Hempfield East Twp - Chestnut Ridge Dist,678,540,4,1222,55.48,44.19,0.33,731,468,2,18,0,1219,59.97,38.39,-4.48,629,645,10,10,50,23,1367,46.01,47.18,9.47
L4905,Lancaster,Hempfield East Twp - Friendly Dist,302,230,0,532,56.77,43.23,0.00,319,202,6,3,0,530,60.19,38.11,-3.42,314,236,2,3,17,11,583,53.86,40.48,2.91
L4906,Lancaster,Hempfield East Twp - Spring Dist,488,523,0,1011,48.27,51.73,0.00,534,464,4,7,1,1010,52.87,45.94,-4.60,478,590,10,,24,24,1126,42.45,52.40,5.82
L4907,Lancaster,Hempfield East Twp - Hempland Dist,207,209,0,416,49.76,50.24,0.00,217,192,3,1,1,414,52.42,46.38,-2.66,249,296,4,6,18,6,579,43.01,51.12,6.75
L4908,Lancaster,Hempfield East Twp - Indian Springs Dist,417,434,0,851,49.00,51.00,0.00,459,371,4,8,4,846,54.26,43.85,-5.25,414,527,4,8,46,10,1009,41.03,52.23,7.97
L4909,Lancaster,Hempfield East Twp - Kings District,314,334,0,648,48.46,51.54,0.00,351,284,1,7,1,644,54.50,44.10,-6.05,313,365,3,4,16,15,716,43.72,50.98,4.74
L4911,Lancaster,Hempfield East Twp - Landisville Dist,423,446,0,869,48.68,51.32,0.00,436,412,4,16,0,868,50.23,47.47,-1.55,358,582,7,11,42,22,1022,35.03,56.95,13.65
L4912,Lancaster,Hempfield East Twp - Millcreek Dist,445,498,0,943,47.19,52.81,0.00,497,422,5,16,0,940,52.87,44.89,-5.68,436,575,6,5,35,12,1069,40.79,53.79,6.40
L4913,Lancaster,Hempfield East Twp - Petersburg Dist,232,443,0,675,34.37,65.63,0.00,269,399,2,5,2,677,39.73,58.94,-5.36,233,499,5,4,35,12,788,29.57,63.32,4.80
L4914,Lancaster,Hempfield East Twp - Pleasant View Dist,568,446,0,1014,56.02,43.98,0.00,628,370,6,6,0,1010,62.18,36.63,-6.16,642,539,5,9,43,18,1256,51.11,42.91,4.90
L4915,Lancaster,Hempfield East Twp - Rohrerstown Dist,509,413,0,922,55.21,44.79,0.00,555,341,5,11,0,912,60.86,37.39,-5.65,497,481,5,6,27,13,1029,48.30,46.74,6.91
L4916,Lancaster,Hempfield East Twp - Scotland Dist,421,537,0,958,43.95,56.05,0.00,476,455,6,9,1,947,50.26,48.05,-6.32,396,556,3,9,56,25,1045,37.89,53.21,6.05
L5001,Lancaster,Hempfield West Twp - Chestnut Hill Dist,529,539,0,1068,49.53,50.47,0.00,574,473,2,15,1,1065,53.90,44.41,-4.36,500,698,5,7,54,9,1273,39.28,54.83,10.25
L5002,Lancaster,Hempfield West Twp - Farmdale Dist,482,662,0,1144,42.13,57.87,0.00,521,584,11,28,1,1145,45.50,51.00,-3.37,453,859,6,16,69,24,1427,31.74,60.20,10.39
L5003,Lancaster,Hempfield West Twp - Ironville Dist,424,550,1,975,43.49,56.41,0.10,461,490,5,16,1,973,47.38,50.36,-3.89,497,725,7,18,56,14,1317,37.74,55.05,5.75
L5004,Lancaster,Hempfield West Twp - Silver Spring Dist,352,561,2,915,38.47,61.31,0.22,401,498,8,14,0,921,43.54,54.07,-5.07,343,669,6,12,57,17,1104,31.07,60.60,7.40
L5005,Lancaster,Hempfield West Twp - Oyster Point Dist,574,648,2,1224,46.90,52.94,0.16,629,571,5,16,1,1222,51.47,46.73,-4.58,556,780,8,12,64,20,1440,38.61,54.17,8.28
L5006,Lancaster,Hempfield West Twp - Highland Park Dist,330,316,0,646,51.08,48.92,0.00,347,283,3,13,0,646,53.72,43.81,-2.63,329,386,2,11,27,13,768,42.84,50.26,8.25
L5007,Lancaster,Hempfield West Twp - Salunga Dist,374,481,2,857,43.64,56.13,0.23,414,420,6,18,0,858,48.25,48.95,-4.61,392,569,9,7,53,15,1045,37.51,54.45,6.13
L5101,Lancaster,Lampeter East Twp - 1st Dist,417,545,0,962,43.35,56.65,0.00,461,476,2,16,0,955,48.27,49.84,-4.93,433,563,8,9,56,27,1096,39.51,51.37,3.84
L5102,Lancaster,Lampeter East Twp - 2nd Dist,432,540,0,972,44.44,55.56,0.00,472,485,3,4,4,968,48.76,50.10,-4.32,461,645,3,3,28,19,1159,39.78,55.65,4.67
L5103,Lancaster,Lampeter East Twp - 3rd Dist,206,483,0,689,29.90,70.10,0.00,227,446,3,10,0,686,33.09,65.01,-3.19,211,583,14,6,23,19,856,24.65,68.11,5.25
L5104,Lancaster,Lampeter East Twp - 4th Dist,381,315,2,698,54.58,45.13,0.29,384,296,7,7,0,694,55.33,42.65,-0.75,363,467,10,13,24,17,894,40.60,52.24,13.98
L5105,Lancaster,Lampeter East Twp - 5th Dist,362,322,1,685,52.85,47.01,0.15,380,288,5,8,1,682,55.72,42.23,-2.87,352,418,3,5,38,16,832,42.31,50.24,10.54
L5106,Lancaster,Lampeter East Twp - 6th Dist,238,347,0,585,40.68,59.32,0.00,266,307,1,9,1,584,45.55,52.57,-4.86,236,399,15,4,19,8,681,34.65,58.59,6.03
L5107,Lancaster,Lampeter East Twp - 7th Dist,320,674,2,996,32.13,67.67,0.20,346,639,3,9,1,998,34.67,64.03,-2.54,327,848,4,4,43,29,1255,26.06,67.57,6.07
L5108,Lancaster,Lampeter East Twp - 8th Dist,471,369,0,840,56.07,43.93,0.00,509,318,5,10,0,842,60.45,37.77,-4.38,530,442,8,5,52,21,1058,50.09,41.78,5.98
L5201,Lancaster,Lampeter West Twp - Lampeter Dist,376,661,3,1040,36.15,63.56,0.29,428,585,5,16,3,1037,41.27,56.41,-5.12,391,795,19,13,46,24,1288,30.36,61.72,5.80
L5202,Lancaster,Lampeter West Twp - Lyndon Dist,402,577,0,979,41.06,58.94,0.00,445,520,5,5,1,976,45.59,53.28,-4.53,381,697,11,13,44,11,1157,32.93,60.24,8.13
L5203,Lancaster,Lampeter West Twp - Willow Street Dist,485,733,0,1218,39.82,60.18,0.00,545,645,8,21,1,1220,44.67,52.87,-4.85,439,871,12,17,58,32,1429,30.72,60.95,9.10
L5204,Lancaster,Lampeter West Twp - Locust Dist,609,832,0,1441,42.26,57.74,0.00,692,722,8,12,0,1434,48.26,50.35,-5.99,549,864,6,7,30,16,1472,37.30,58.70,4.97
L5205,Lancaster,Lampeter West Twp - Millport Dist,448,631,0,1079,41.52,58.48,0.00,502,556,2,15,0,1075,46.70,51.72,-5.18,470,687,10,7,40,19,1233,38.12,55.72,3.40
L5206,Lancaster,Lampeter West Twp - Lakes Dist,389,647,0,1036,37.55,62.45,0.00,459,555,5,12,1,1032,44.48,53.78,-6.93,399,709,6,2,21,18,1155,34.55,61.39,3.00
L5207,Lancaster,Lampeter West Twp - Windy Hill Dist,618,984,3,1605,38.50,61.31,0.19,697,873,6,25,2,1603,43.48,54.46,-4.98,624,1068,6,8,89,25,1820,34.29,58.68,4.22
L5301,Lancaster,Lancaster Twp - 1st Dist,357,144,0,501,71.26,28.74,0.00,368,126,3,2,0,499,73.75,25.25,-2.49,331,156,,3,17,13,520,63.65,30.00,7.60
L5302,Lancaster,Lancaster Twp - 2nd Dist,312,93,0,405,77.04,22.96,0.00,313,85,3,5,0,406,77.09,20.94,-0.06,312,159,2,9,22,10,514,60.70,30.93,16.34
L5303,Lancaster,Lancaster Twp - 3rd Dist,316,151,1,468,67.52,32.26,0.21,326,128,4,9,0,467,69.81,27.41,-2.29,412,234,2,6,18,11,683,60.32,34.26,7.20
L5304,Lancaster,Lancaster Twp - 4th Dist,516,242,0,758,68.07,31.93,0.00,512,224,4,16,0,756,67.72,29.63,0.35,610,349,9,15,39,20,1042,58.54,33.49,9.53
L5305,Lancaster,Lancaster Twp - 5th Dist,510,237,1,748,68.18,31.68,0.13,525,201,7,7,1,741,70.85,27.13,-2.67,491,306,4,4,26,10,841,58.38,36.39,9.80
L5306,Lancaster,Lancaster Twp - 6th Dist,359,254,1,614,58.47,41.37,0.16,377,232,2,5,0,616,61.20,37.66,-2.73,394,306,8,6,23,9,746,52.82,41.02,5.65
L5307,Lancaster,Lancaster Twp - 7th Dist,568,267,0,835,68.02,31.98,0.00,593,230,3,9,1,836,70.93,27.51,-2.91,557,288,7,12,14,24,902,61.75,31.93,6.27
L5308,Lancaster,Lancaster Twp - 8th Dist,817,316,1,1134,72.05,27.87,0.09,836,270,6,15,2,1129,74.05,23.91,-2.00,968,444,8,10,55,16,1501,64.49,29.58,7.56
L5309,Lancaster,Lancaster Twp - 9th Dist,723,350,0,1073,67.38,32.62,0.00,742,318,6,3,0,1069,69.41,29.75,-2.03,778,481,4,6,43,23,1335,58.28,36.03,9.10
L5400,Lancaster,Leacock Twp,239,856,1,1096,21.81,78.10,0.09,273,807,3,8,2,1093,24.98,73.83,-3.17,205,956,8,2,20,22,1213,16.90,78.81,4.91
L5501,Lancaster,Leacock Upper Twp - Bareville Dist,349,680,0,1029,33.92,66.08,0.00,378,622,6,19,1,1026,36.84,60.62,-2.93,344,834,8,14,40,13,1253,27.45,66.56,6.46
L5502,Lancaster,Leacock Upper Twp - Leacock Dist,272,554,0,826,32.93,67.07,0.00,307,504,4,12,0,827,37.12,60.94,-4.19,291,644,10,11,32,15,1003,29.01,64.21,3.92
L5503,Lancaster,Leacock Upper Twp - Leola Dist,297,459,0,756,39.29,60.71,0.00,331,399,2,15,3,750,44.13,53.20,-4.85,327,555,8,14,34,20,958,34.13,57.93,5.15
L5600,Lancaster,Little Britain Twp,318,932,1,1251,25.42,74.50,0.08,381,843,6,16,1,1247,30.55,67.60,-5.13,342,1090,2,14,36,16,1500,22.80,72.67,2.62
L5701,Lancaster,Manheim Twp - 1st Dist,398,547,0,945,42.12,57.88,0.00,445,488,2,2,1,938,47.44,52.03,-5.32,394,633,1,2,21,25,1076,36.62,58.83,5.50
L5702,Lancaster,Manheim Twp - 2nd Dist,426,492,1,919,46.35,53.54,0.11,464,432,6,8,1,911,50.93,47.42,-4.58,380,539,6,8,27,17,977,38.89,55.17,7.46
L5703,Lancaster,Manheim Twp - 3rd Dist,433,363,0,796,54.40,45.60,0.00,459,313,2,19,0,793,57.88,39.47,-3.48,438,426,1,6,33,13,917,47.76,46.46,6.63
L5704,Lancaster,Manheim Twp - 4th Dist,391,392,0,783,49.94,50.06,0.00,430,345,2,4,0,781,55.06,44.17,-5.12,378,434,5,10,29,10,866,43.65,50.12,6.29
L5705,Lancaster,Manheim Twp - 5th Dist,449,426,0,875,51.31,48.69,0.00,482,381,1,11,0,875,55.09,43.54,-3.77,455,471,8,9,43,18,1004,45.32,46.91,6.00
L5706,Lancaster,Manheim Twp - 6th Dist,474,551,0,1025,46.24,53.76,0.00,532,466,5,14,1,1018,52.26,45.78,-6.02,503,596,9,13,29,21,1171,42.95,50.90,3.29
L5707.1,Lancaster,Manheim Twp - 7th Dist - 41st,184,78,0,262,70.23,29.77,0.00,182,70,2,7,1,262,69.47,26.72,0.76,186,97,,1,14,9,307,60.59,31.60,9.64
L5707.2,Lancaster,Manheim Twp - 7th Dist - 96th,113,45,0,158,71.52,28.48,0.00,113,43,2,1,0,159,71.07,27.04,0.45,126,75,3,3,6,5,218,57.80,34.40,13.72
L5708,Lancaster,Manheim Twp - 8th Dist,334,271,2,607,55.02,44.65,0.33,364,225,5,14,0,608,59.87,37.01,-4.84,378,308,4,4,26,14,734,51.50,41.96,3.53
L5709,Lancaster,Manheim Twp - 9th Dist,371,315,0,686,54.08,45.92,0.00,402,264,6,12,3,687,58.52,38.43,-4.43,370,376,10,11,48,7,822,45.01,45.74,9.07
L5710,Lancaster,Manheim Twp - 10th Dist,521,447,0,968,53.82,46.18,0.00,542,396,9,12,2,961,56.40,41.21,-2.58,502,535,5,17,25,25,1109,45.27,48.24,8.56
L5711,Lancaster,Manheim Twp - 11th Dist,381,197,0,578,65.92,34.08,0.00,397,161,6,8,3,575,69.04,28.00,-3.13,388,252,1,5,21,9,676,57.40,37.28,8.52
L5712,Lancaster,Manheim Twp - 12th Dist,347,313,0,660,52.58,47.42,0.00,376,267,6,5,0,654,57.49,40.83,-4.92,332,360,4,6,21,10,733,45.29,49.11,7.28
L5713,Lancaster,Manheim Twp - 13th Dist,544,608,1,1153,47.18,52.73,0.09,594,532,5,15,1,1147,51.79,46.38,-4.61,559,647,6,13,39,27,1291,43.30,50.12,3.88
L5714,Lancaster,Manheim Twp - 14th Dist,365,361,1,727,50.21,49.66,0.14,411,301,4,10,0,726,56.61,41.46,-6.41,368,396,9,5,34,17,829,44.39,47.77,5.82
L5715,Lancaster,Manheim Twp - 15th Dist,505,367,2,874,57.78,41.99,0.23,531,319,3,15,3,871,60.96,36.62,-3.18,468,462,6,7,41,17,1001,46.75,46.15,11.03
L5716,Lancaster,Manheim Twp - 16th Dist,794,729,0,1523,52.13,47.87,0.00,855,633,6,19,1,1514,56.47,41.81,-4.34,751,820,11,10,39,26,1657,45.32,49.49,6.81
L5717,Lancaster,Manheim Twp - 17th Dist,474,295,2,771,61.48,38.26,0.26,505,247,7,9,2,770,65.58,32.08,-4.11,519,399,4,12,28,15,977,53.12,40.84,8.36
L5718,Lancaster,Manheim Twp - 18th Dist,411,331,0,742,55.39,44.61,0.00,435,285,6,14,0,740,58.78,38.51,-3.39,422,417,4,10,30,18,901,46.84,46.28,8.55
L5719,Lancaster,Manheim Twp - 19th Dist,449,280,0,729,61.59,38.41,0.00,465,244,3,12,3,727,63.96,33.56,-2.37,416,354,5,8,23,14,820,50.73,43.17,10.86
L5720,Lancaster,Manheim Twp - 20th Dist,498,595,3,1096,45.44,54.29,0.27,558,513,5,14,2,1092,51.10,46.98,-5.66,518,629,2,7,28,21,1205,42.99,52.20,2.45
L5721,Lancaster,Manheim Twp - 21st Dist,617,626,1,1244,49.60,50.32,0.08,667,548,4,21,1,1241,53.75,44.16,-4.15,615,687,7,6,53,28,1396,44.05,49.21,5.54
L5722,Lancaster,Manheim Twp - 22nd Dist,515,326,0,841,61.24,38.76,0.00,526,294,9,12,1,842,62.47,34.92,-1.23,537,421,8,7,43,17,1033,51.98,40.76,9.25
L5723,Lancaster,Manheim Twp - 23rd Dist,561,660,1,1222,45.91,54.01,0.08,656,548,5,4,0,1213,54.08,45.18,-8.17,579,709,5,8,31,14,1346,43.02,52.67,2.89
L5800,Lancaster,Manor Twp - Bethel Dist,267,223,1,491,54.38,45.42,0.20,292,194,,4,0,490,59.59,39.59,-5.21,278,304,6,5,24,14,631,44.06,48.18,10.32
L5801,Lancaster,Manor Twp - Hambright Dist,671,551,1,1223,54.87,45.05,0.08,703,485,9,20,0,1217,57.76,39.85,-2.90,634,772,8,12,62,32,1520,41.71,50.79,13.15
L5802,Lancaster,Manor Twp - Indiantown Dist,203,504,0,707,28.71,71.29,0.00,232,461,1,10,0,704,32.95,65.48,-4.24,194,581,7,3,30,17,832,23.32,69.83,5.40
L5803,Lancaster,Manor Twp - Leisure Dist,802,866,0,1668,48.08,51.92,0.00,871,755,10,24,0,1660,52.47,45.48,-4.39,822,1024,8,10,59,24,1947,42.22,52.59,5.86
L5804,Lancaster,Manor Twp - Manor New Dist,331,732,4,1067,31.02,68.60,0.37,373,675,3,10,4,1065,35.02,63.38,-4.00,315,859,10,6,27,26,1243,25.34,69.11,5.68
L5805,Lancaster,Manor Twp - Washington Boro Dist,152,503,0,655,23.21,76.79,0.00,181,460,4,9,0,654,27.68,70.34,-4.47,130,603,5,1,25,8,772,16.84,78.11,6.37
L5806,Lancaster,Manor Twp - West Lancaster Dist,552,442,0,994,55.53,44.47,0.00,603,378,4,8,0,993,60.73,38.07,-5.19,648,611,3,8,36,14,1320,49.09,46.29,6.44
L5807,Lancaster,Manor Twp - New East Dist,743,760,1,1504,49.40,50.53,0.07,812,658,7,23,0,1500,54.13,43.87,-4.73,721,904,8,9,90,24,1756,41.06,51.48,8.34
L5808,Lancaster,Manor Twp - Hershey Mill Dist,342,308,1,651,52.53,47.31,0.15,362,274,1,11,2,650,55.69,42.15,-3.16,352,397,2,10,32,16,809,43.51,49.07,9.02
L5900,Lancaster,Martic Twp - Marticville Dist,416,758,1,1175,35.40,64.51,0.09,440,717,7,12,0,1176,37.41,60.97,-2.01,384,915,8,15,48,9,1379,27.85,66.35,7.56
L5901,Lancaster,Martic Twp - Holtwood Dist,195,541,2,738,26.42,73.31,0.27,226,497,8,11,0,742,30.46,66.98,-4.04,187,741,7,8,26,9,978,19.12,75.77,7.30
L6001,Lancaster,Mount Joy Twp - Milton Grove Dist,412,733,0,1145,35.98,64.02,0.00,459,659,12,14,1,1145,40.09,57.55,-4.10,395,944,4,10,66,17,1436,27.51,65.74,8.48
L6002,Lancaster,Mount Joy Twp - Fairview,213,713,0,926,23.00,77.00,0.00,257,640,2,20,3,922,27.87,69.41,-4.87,200,816,11,10,27,23,1087,18.40,75.07,4.60
L6003,Lancaster,Mount Joy Twp - Cloverleaf,472,629,0,1101,42.87,57.13,0.00,509,557,4,30,3,1103,46.15,50.50,-3.28,435,730,3,14,58,23,1263,34.44,57.80,8.43
L6004,Lancaster,Mount Joy Twp - Hershey Road,457,744,0,1201,38.05,61.95,0.00,497,673,4,24,2,1200,41.42,56.08,-3.37,449,1024,12,12,52,23,1572,28.56,65.14,9.49
L6100,Lancaster,Paradise Twp,301,1010,0,1311,22.96,77.04,0.00,343,957,3,12,0,1315,26.08,72.78,-3.12,335,1236,11,9,54,23,1668,20.08,74.10,2.88
L6201,Lancaster,Penn Twp - Junction Dist,544,1021,0,1565,34.76,65.24,0.00,604,926,8,21,0,1559,38.74,59.40,-3.98,479,1240,15,16,71,31,1852,25.86,66.95,8.90
L6202,Lancaster,Penn Twp - South Penn Dist,398,857,1,1256,31.69,68.23,0.08,486,747,5,15,1,1254,38.76,59.57,-7.07,372,1023,9,9,43,24,1480,25.14,69.12,6.55
L6203,Lancaster,Penn Twp - Penryn,236,821,1,1058,22.31,77.60,0.09,274,768,1,11,1,1055,25.97,72.80,-3.67,256,976,7,6,21,20,1286,19.91,75.89,2.40
L6300,Lancaster,Pequea Twp - West Willow Dist,446,881,2,1329,33.56,66.29,0.15,495,808,4,20,1,1328,37.27,60.84,-3.72,415,1014,13,6,54,14,1516,27.37,66.89,6.18
L6301,Lancaster,Pequea Twp - New Danville Dist,222,583,0,805,27.58,72.42,0.00,259,532,3,7,0,801,32.33,66.42,-4.76,213,707,6,4,26,19,975,21.85,72.51,5.73
L6400,Lancaster,Providence Twp - East Dist,344,883,1,1228,28.01,71.91,0.08,378,818,10,16,1,1223,30.91,66.88,-2.89,327,1157,12,10,47,18,1571,20.81,73.65,7.20
L6401,Lancaster,Providence Twp - West Dist,271,766,0,1037,26.13,73.87,0.00,296,712,2,20,1,1031,28.71,69.06,-2.58,280,960,7,6,46,12,1311,21.36,73.23,4.78
L6501,Lancaster,Rapho Twp - Sporting Hill Dist,201,783,0,984,20.43,79.57,0.00,235,728,4,13,0,980,23.98,74.29,-3.55,187,901,12,8,37,13,1158,16.15,77.81,4.28
L6502,Lancaster,Rapho Twp - Elm Tree I Dist,183,641,3,827,22.13,77.51,0.36,217,586,6,7,3,819,26.50,71.55,-4.37,184,772,7,5,23,17,1008,18.25,76.59,3.87
L6503,Lancaster,Rapho Twp - Union Square Dist,232,885,1,1118,20.75,79.16,0.09,272,825,4,14,0,1115,24.39,73.99,-3.64,218,1066,10,10,49,19,1372,15.89,77.70,4.86
L6504,Lancaster,Rapho Twp - Elm Tree II Dist,462,820,0,1282,36.04,63.96,0.00,530,727,6,20,2,1285,41.25,56.58,-5.21,424,947,6,6,31,19,1433,29.59,66.09,6.45
L6505,Lancaster,Rapho Twp - Willow Creek Dist,461,605,0,1066,43.25,56.75,0.00,519,519,6,9,4,1057,49.10,49.10,-5.86,396,688,6,1,33,16,1140,34.74,60.35,8.51
L6600,Lancaster,Sadsbury Twp,233,570,1,804,28.98,70.90,0.12,250,550,2,4,0,806,31.02,68.24,-2.04,253,698,3,3,25,7,989,25.58,70.58,3.40
L6701,Lancaster,Salisbury Twp - Cambridge Dist,173,637,1,811,21.33,78.55,0.12,209,601,0,3,0,813,25.71,73.92,-4.38,195,817,6,5,27,12,1062,18.36,76.93,2.97
L6702,Lancaster,Salisbury Twp - Gap Dist,250,530,2,782,31.97,67.77,0.26,273,497,6,6,0,782,34.91,63.55,-2.94,246,703,10,4,26,15,1004,24.50,70.02,7.47
L6703,Lancaster,Salisbury Twp - White Horse Dist,200,709,0,909,22.00,78.00,0.00,232,666,4,8,0,910,25.49,73.19,-3.49,235,865,8,9,23,17,1157,20.31,74.76,1.69
L6800,Lancaster,Strasburg Twp,404,1046,2,1452,27.82,72.04,0.14,441,970,8,27,3,1449,30.43,66.94,-2.61,397,1181,17,9,48,24,1676,23.69,70.47,4.14
L6901,Lancaster,Warwick Twp - Brunnerville Dist,313,640,0,953,32.84,67.16,0.00,361,584,2,2,0,949,38.04,61.54,-5.20,297,737,7,7,23,18,1089,27.27,67.68,5.57
L6902,Lancaster,Warwick Twp - Kissel Hill Dist,453,613,2,1068,42.42,57.40,0.19,521,523,3,15,2,1064,48.97,49.15,-6.55,418,627,1,6,33,30,1115,37.49,56.23,4.93
L6903,Lancaster,Warwick Twp - Rothsville Dist,320,580,1,901,35.52,64.37,0.11,342,528,3,21,0,894,38.26,59.06,-2.74,328,708,5,9,44,28,1122,29.23,63.10,6.28
L6904,Lancaster,Warwick Twp - Woodcrest Dist,410,399,0,809,50.68,49.32,0.00,427,360,6,14,1,808,52.85,44.55,-2.17,382,486,9,7,42,13,939,40.68,51.76,10.00
L6905,Lancaster,Warwick Twp - Clay Newport Dist,557,679,1,1237,45.03,54.89,0.08,609,591,8,29,1,1238,49.19,47.74,-4.16,558,882,11,10,67,24,1552,35.95,56.83,9.07
L6906,Lancaster,Warwick Twp - Hilltop Manor Dist,206,438,0,644,31.99,68.01,0.00,235,397,3,5,1,641,36.66,61.93,-4.67,196,518,5,2,29,8,758,25.86,68.34,6.13
L6908,Lancaster,Warwick Twp - Millport Dist,217,451,0,668,32.49,67.51,0.00,237,414,5,12,0,668,35.48,61.98,-2.99,193,540,1,5,33,12,784,24.62,68.88,7.87
L6909,Lancaster,Warwick Twp - Newport West Dist,455,655,1,1111,40.95,58.96,0.09,496,588,2,21,0,1107,44.81,53.12,-3.85,443,807,10,14,47,19,1340,33.06,60.22,7.89
L6910,Lancaster,Warwick Twp - Southwest Dist,557,717,1,1275,43.69,56.24,0.08,648,600,7,14,0,1269,51.06,47.28,-7.38,468,678,3,4,46,18,1217,38.46,55.71,5.23
Y21-1-0-0,York,Chanceford Township 1,307,777,1,1085,28.29,71.61,0.09,365,695,9,13,0,1082,33.73,64.23,-5.44,246,980,7,7,34,4,1278,19.25,76.68,9.05
Y21-2-0-0,York,Chanceford Township 2,83,324,0,407,20.39,79.61,0.00,93,308,3,2,0,406,22.91,75.86,-2.51,84,401,4,0,11,3,503,16.70,79.72,3.69
Y21-3-0-0,York,Chanceford Township 3,181,526,1,708,25.56,74.29,0.14,202,490,8,10,1,711,28.41,68.92,-2.85,156,666,7,1,27,14,871,17.91,76.46,7.65
Y22-1-0-0,York,Codorus Township 1,156,396,1,553,28.21,71.61,0.18,164,372,5,11,0,552,29.71,67.39,-1.50,120,501,3,14,18,4,660,18.18,75.91,10.03
Y22-2-0-0,York,Codorus Township 2,168,417,0,585,28.72,71.28,0.00,200,369,3,11,0,583,34.31,63.29,-5.59,150,533,6,7,18,7,721,20.80,73.93,7.91
Y22-3-0-0,York,Codorus Township 3,199,362,0,561,35.47,64.53,0.00,222,331,5,3,1,562,39.50,58.90,-4.03,193,458,4,5,12,11,683,28.26,67.06,7.21
Y25-0-0-0,York,East Hopewell Township,295,777,0,1072,27.52,72.48,0.00,322,739,4,10,0,1075,29.95,68.74,-2.43,285,1000,8,10,37,8,1348,21.14,74.18,6.38
Y28-0-0-0,York,Fawn Township,226,949,2,1177,19.20,80.63,0.17,241,907,5,19,1,1173,20.55,77.32,-1.34,229,1268,4,9,38,7,1555,14.73,81.54,4.47
Y30-0-0-0,York,Heidelberg Township,350,920,0,1270,27.56,72.44,0.00,407,844,5,11,0,1267,32.12,66.61,-4.56,357,1145,3,7,25,11,1548,23.06,73.97,4.50
Y31-1-0-0,York,Hellam Township 1,392,771,0,1163,33.71,66.29,0.00,461,686,6,8,1,1162,39.67,59.04,-5.97,361,973,8,13,54,9,1418,25.46,68.62,8.25
Y31-2-0-0,York,Hellam Township 2,455,921,2,1378,33.02,66.84,0.15,524,823,10,12,3,1372,38.19,59.99,-5.17,464,1174,10,11,52,14,1725,26.90,68.06,6.12
Y32-0-0-0,York,Hopewell Township,692,1720,1,2413,28.68,71.28,0.04,773,1599,6,31,2,2411,32.06,66.32,-3.38,710,2206,14,17,77,25,3049,23.29,72.35,5.39
Y33-1-0-0,York,Jackson Township 1,474,1086,2,1562,30.35,69.53,0.13,561,976,9,23,2,1571,35.71,62.13,-5.36,496,1343,11,5,46,14,1915,25.90,70.13,4.44
Y33-2-0-0,York,Jackson Township 2,532,979,1,1512,35.19,64.75,0.07,583,917,7,13,0,1520,38.36,60.33,-3.17,491,1334,6,7,50,11,1899,25.86,70.25,9.33
Y34-1-0-0,York,Lower Chanceford Township 1,107,305,1,413,25.91,73.85,0.24,110,293,3,5,1,412,26.70,71.12,-0.79,96,383,0,2,12,6,499,19.24,76.75,6.67
Y34-2-0-0,York,Lower Chanceford Township 2,118,462,2,582,20.27,79.38,0.34,132,447,2,2,1,584,22.60,76.54,-2.33,121,585,5,2,18,4,735,16.46,79.59,3.81
Y35-1-0-0,York,Lower Windsor Township 1,139,328,0,467,29.76,70.24,0.00,165,298,2,1,1,467,35.33,63.81,-5.57,136,404,4,1,18,6,569,23.90,71.00,5.86
Y35-2-0-0,York,Lower Windsor Township 2,300,674,0,974,30.80,69.20,0.00,338,619,7,12,1,977,34.60,63.36,-3.79,311,876,6,12,19,10,1234,25.20,70.99,5.60
Y35-3-0-0,York,Lower Windsor Township 3,363,1007,1,1371,26.48,73.45,0.07,443,908,1,18,1,1371,32.31,66.23,-5.84,358,1350,4,14,41,8,1775,20.17,76.06,6.31
Y37-0-0-0,York,Manheim Township,394,1115,3,1512,26.06,73.74,0.20,419,1063,8,18,2,1510,27.75,70.40,-1.69,380,1356,8,11,60,16,1831,20.75,74.06,5.30
Y40-1-0-0,York,North Codorus Township 1,770,1574,1,2345,32.84,67.12,0.04,904,1407,10,30,3,2354,38.40,59.77,-5.57,783,1997,12,14,83,23,2912,26.89,68.58,5.95
Y40-2-0-0,York,North Codorus Township 2,377,1021,1,1399,26.95,72.98,0.07,468,893,7,17,1,1386,33.77,64.43,-6.82,331,1354,6,8,37,28,1764,18.76,76.76,8.18
Y41-0-0-0,York,North Hopewell Township,258,914,1,1173,21.99,77.92,0.09,318,839,6,12,0,1175,27.06,71.40,-5.07,275,1100,8,10,37,11,1441,19.08,76.34,2.91
Y42-0-0-0,York,Paradise Township,370,1127,0,1497,24.72,75.28,0.00,444,1030,10,16,1,1501,29.58,68.62,-4.86,370,1329,9,9,61,16,1794,20.62,74.08,4.09
Y43-0-0-0,York,Peach Bottom Township,390,1317,2,1709,22.82,77.06,0.12,403,1276,11,26,1,1717,23.47,74.32,-0.65,358,1757,13,10,53,13,2204,16.24,79.72,6.58
Y44-1-0-0,York,Penn Township 1,517,959,1,1477,35.00,64.93,0.07,614,839,11,11,1,1476,41.60,56.84,-6.60,548,1205,11,13,54,18,1849,29.64,65.17,5.37
Y44-2-0-0,York,Penn Township 2,483,1036,1,1520,31.78,68.16,0.07,556,938,7,21,2,1524,36.48,61.55,-4.71,446,1347,8,10,67,22,1900,23.47,70.89,8.30
Y44-3-0-0,York,Penn Township 3,294,426,1,721,40.78,59.08,0.14,305,396,10,9,0,720,42.36,55.00,-1.58,285,670,1,10,36,15,1017,28.02,65.88,12.75
Y44-4-0-0,York,Penn Township 4,700,1404,3,2107,33.22,66.64,0.14,830,1233,18,28,0,2109,39.36,58.46,-6.13,747,1913,12,24,82,26,2804,26.64,68.22,6.58
Y45-1-0-0,York,Shrewsbury Township 1,367,795,0,1162,31.58,68.42,0.00,405,737,6,16,1,1165,34.76,63.26,-3.18,379,1010,5,18,40,6,1458,25.99,69.27,5.59
Y45-2-0-0,York,Shrewsbury Township 2,744,1288,0,2032,36.61,63.39,0.00,787,1207,7,30,2,2033,38.71,59.37,-2.10,733,1577,11,13,78,22,2434,30.12,64.79,6.50
Y47-0-0-0,York,Springfield Township,1014,1654,4,2672,37.95,61.90,0.15,1080,1544,19,27,3,2673,40.40,57.76,-2.45,1017,1972,12,24,76,22,3123,32.56,63.14,5.38
Y52-0-0-0,York,West Manheim Township,980,2162,2,3144,31.17,68.77,0.06,1087,1993,19,41,4,3144,34.57,63.39,-3.40,977,2797,10,21,92,32,3929,24.87,71.19,6.30
Y53-1-0-0,York,Windsor Township 1,901,1497,5,2403,37.49,62.30,0.21,1069,1309,15,20,3,2416,44.25,54.18,-6.75,825,1810,7,14,81,32,2769,29.79,65.37,7.70
Y53-2-0-0,York,Windsor Township 2,401,999,0,1400,28.64,71.36,0.00,494,866,13,28,2,1403,35.21,61.72,-6.57,404,1250,6,12,60,16,1748,23.11,71.51,5.53
Y53-3-0-0,York,Windsor Township 3,577,1017,0,1594,36.20,63.80,0.00,653,907,10,22,0,1592,41.02,56.97,-4.82,573,1343,13,16,71,21,2037,28.13,65.93,8.07
Y53-4-0-0,York,Windsor Township 4,708,1229,2,1939,36.51,63.38,0.10,812,1094,5,21,3,1935,41.96,56.54,-5.45,716,1533,4,15,78,14,2360,30.34,64.96,6.17
Y54-0-2-1,York,York Township 2-1,356,504,0,860,41.40,58.60,0.00,415,435,5,3,1,859,48.31,50.64,-6.92,344,621,8,10,36,14,1033,33.30,60.12,8.09
Y54-0-2-2,York,York Township 2-2,206,445,1,652,31.60,68.25,0.15,264,376,1,10,1,652,40.49,57.67,-8.90,222,542,8,5,29,11,817,27.17,66.34,4.42
Y54-0-2-3,York,York Township 2-3,384,658,2,1044,36.78,63.03,0.19,441,576,7,19,0,1043,42.28,55.23,-5.50,440,841,2,8,44,15,1350,32.59,62.30,4.19
Y55-0-0-0,York,Cross Roads Borough,50,165,0,215,23.26,76.74,0.00,56,157,1,2,0,216,25.93,72.69,-2.67,55,219,2,1,2,4,283,19.43,77.39,3.82
Y56-0-1-0,York,Dallastown Borough 1,248,318,0,566,43.82,56.18,0.00,252,294,7,13,1,567,44.44,51.85,-0.63,272,495,3,12,42,12,836,32.54,59.21,11.28
Y56-0-2-0,York,Dallastown Borough 2,298,425,1,724,41.16,58.70,0.14,329,375,11,9,1,725,45.38,51.72,-4.22,266,583,2,15,41,16,923,28.82,63.16,12.34
Y57-0-0-0,York,Delta Borough,51,172,1,224,22.77,76.79,0.45,56,164,1,3,1,225,24.89,72.89,-2.12,62,228,1,1,7,0,299,20.74,76.25,2.03
Y60-0-0-0,York,East Prospect Borough,100,229,0,329,30.40,69.60,0.00,126,193,1,5,1,326,38.65,59.20,-8.26,81,289,3,3,21,7,404,20.05,71.53,10.35
Y61-0-0-0,York,Fawn Grove Borough,55,131,0,186,29.57,70.43,0.00,56,128,2,2,0,188,29.79,68.09,-0.22,59,158,1,1,12,0,231,25.54,68.40,4.03
Y62-0-0-0,York,Felton Borough,26,144,0,170,15.29,84.71,0.00,33,138,0,1,0,172,19.19,80.23,-3.89,28,173,3,5,7,5,221,12.67,78.28,2.62
Y64-0-0-0,York,Glen Rock Borough,301,460,1,762,39.50,60.37,0.13,327,414,4,18,2,765,42.75,54.12,-3.24,301,632,6,12,27,10,988,30.47,63.97,9.04
Y66-0-0-0,York,Hallam Borough,417,516,2,935,44.60,55.19,0.21,461,449,5,19,1,935,49.30,48.02,-4.71,447,707,9,19,61,13,1256,35.59,56.29,9.01
Y67-0-1-0,York,Hanover Borough 1,452,618,1,1071,42.20,57.70,0.09,513,550,6,14,0,1083,47.37,50.78,-5.16,466,871,6,21,55,17,1436,32.45,60.65,9.75
Y67-0-2-0,York,Hanover Borough 2,545,953,1,1499,36.36,63.58,0.07,646,841,5,9,3,1504,42.95,55.92,-6.59,582,1223,3,16,38,15,1877,31.01,65.16,5.35
Y67-0-3-0,York,Hanover Borough 3,324,479,0,803,40.35,59.65,0.00,351,422,7,21,2,803,43.71,52.55,-3.36,349,692,8,8,34,12,1103,31.64,62.74,8.71
Y67-0-4-0,York,Hanover Borough 4,332,389,1,722,45.98,53.88,0.14,343,348,12,15,3,721,47.57,48.27,-1.59,374,611,2,18,31,9,1045,35.79,58.47,10.19
Y67-0-5-0,York,Hanover Borough 5,327,455,0,782,41.82,58.18,0.00,353,415,2,9,2,781,45.20,53.14,-3.38,332,643,6,14,47,11,1053,31.53,61.06,10.29
Y72-0-0-0,York,Jacobus Borough,286,516,2,804,35.57,64.18,0.25,339,467,7,8,3,824,41.14,56.67,-5.57,298,662,4,5,31,8,1008,29.56,65.67,6.01
Y73-0-0-0,York,Jefferson Borough,71,169,0,240,29.58,70.42,0.00,84,149,3,5,0,241,34.85,61.83,-5.27,81,236,2,2,6,4,331,24.47,71.30,5.11
Y75-0-0-0,York,Loganville Borough,190,371,0,561,33.87,66.13,0.00,221,327,5,11,0,564,39.18,57.98,-5.32,180,419,3,3,21,7,633,28.44,66.19,5.43
Y78-0-0-0,York,New Freedom Borough,833,1372,4,2209,37.71,62.11,0.18,919,1248,11,30,3,2211,41.56,56.45,-3.86,836,1678,9,26,104,39,2692,31.05,62.33,6.65
Y79-0-0-0,York,New Salem Borough,117,223,0,340,34.41,65.59,0.00,138,196,3,3,1,341,40.47,57.48,-6.06,118,284,2,2,6,5,417,28.30,68.11,6.11
Y81-0-0-0,York,Railroad Borough,32,57,0,89,35.96,64.04,0.00,38,49,1,1,0,89,42.70,55.06,-6.74,33,55,1,1,3,3,96,34.38,57.29,1.58
Y82-0-1-0,York,Red Lion Borough 1,164,288,0,452,36.28,63.72,0.00,185,260,3,5,0,453,40.84,57.40,-4.56,171,415,5,3,28,12,634,26.97,65.46,9.31
Y82-0-2-0,York,Red Lion Borough 2,224,348,1,573,39.09,60.73,0.17,239,320,3,12,0,574,41.64,55.75,-2.55,234,497,6,19,35,11,802,29.18,61.97,9.92
Y82-0-3-0,York,Red Lion Borough 3,369,465,2,836,44.14,55.62,0.24,396,414,5,19,1,835,47.43,49.58,-3.29,313,679,5,15,58,20,1090,28.72,62.29,15.42
Y83-0-0-0,York,Seven Valleys Borough,1975,84,0,2059,95.92,4.08,0.00,69,103,1,4,0,177,38.98,58.19,,44,150,2,0,13,3,212,20.75,70.75,75.17
Y84-0-0-0,York,Shrewsbury Borogh,599,1038,1,1638,36.57,63.37,0.06,649,970,7,13,1,1640,39.57,59.15,-3.00,615,1302,2,10,48,9,1986,30.97,65.56,5.60
Y85-0-0-0,York,Spring Grove Borough,270,464,0,734,36.78,63.22,0.00,324,393,4,14,0,735,44.08,53.47,-7.30,278,681,1,7,33,14,1014,27.42,67.16,9.37
Y86-0-0-0,York,Stewartstown Borough,284,564,0,848,33.49,66.51,0.00,322,503,9,13,0,847,38.02,59.39,-4.53,289,699,7,3,39,16,1053,27.45,66.38,6.05
Y89-0-0-0,York,Windsor Borough,103,222,0,325,31.69,68.31,0.00,111,203,4,8,0,326,34.05,62.27,-2.36,99,310,2,0,19,0,430,23.02,72.09,8.67
Y90-0-0-0,York,Winterstown Borough,60,177,1,238,25.21,74.37,0.42,76,159,2,2,0,239,31.80,66.53,-6.59,64,234,1,3,7,2,311,20.58,75.24,4.63
Y91-0-1-0,York,Wrightsville Borough 1,77,128,0,205,37.56,62.44,0.00,81,115,2,5,0,203,39.90,56.65,-2.34,77,172,0,2,8,2,261,29.50,65.90,8.06
Y91-0-2-0,York,Wrightsville Borough 2,102,145,0,247,41.30,58.70,0.00,109,129,0,9,0,247,44.13,52.23,-2.83,103,186,0,4,13,5,311,33.12,59.81,8.18
Y91-0-3-0,York,Wrightsville Borough 3,114,183,0,297,38.38,61.62,0.00,117,174,1,4,0,296,39.53,58.78,-1.14,113,249,4,2,12,2,382,29.58,65.18,8.80
Y93-0-0-0,York,Yorkana Borough,32,71,0,103,31.07,68.93,0.00,34,66,3,0,0,103,33.01,64.08,-1.94,25,86,0,3,5,1,120,20.83,71.67,10.23
