<?xml version="1.0" encoding="UTF-8"?>
<metadata xml:lang="en"><Esri><CreaDate>20181112</CreaDate><CreaTime>13270100</CreaTime><ArcGISFormat>1.0</ArcGISFormat><SyncOnce>TRUE</SyncOnce><DataProperties><lineage><Process ToolSource="c:\program files (x86)\arcgis\desktop10.4\ArcToolbox\Toolboxes\Data Management Tools.tbx\CalculateField" Date="20181112" Time="132701">CalculateField PA11_2018_USHouse Winner getwinner( !KingPct!, !SmuckPct!) PYTHON_9.3 "def getwinner(kingpct, smuckpct):\n    if kingpct &gt; smuckpct:\n        return "King"\n    elif smuckpct &gt; kingpct:\n        return "Smucker""</Process><Process ToolSource="c:\program files (x86)\arcgis\desktop10.4\ArcToolbox\Toolboxes\Data Management Tools.tbx\CalculateField" Date="20181112" Time="132831">CalculateField PA11_2018_USHouse WinPct getwinpct( !Winner!, !KingPct!, !SmuckPct!) PYTHON_9.3 "def getwinpct(winner, kingpct, smuckpct):\n    if winner == "King":\n        return kingpct\n    elif winner == "Smucker":\n        return smuckpct"</Process></lineage></DataProperties></Esri></metadata>
